{
  "notes": [
    {
      "title": "Angular Note 1",
      "text": "Read Angular 5",
      "state": "started",
      "categoryName": "Professional",
      "categoryDesc": "Paravala ..Work aaguthu",
      "reminderName": "Reminder 1",
      "reminderDesc": "Padi da.. ",
      "reminderType": "Daily",
      "id": 1
    },
    {
      "title": "asdas",
      "text": "dfsdfsd",
      "state": "not-started",
      "categoryName": "Personal",
      "categoryDesc": "sdgdfg",
      "reminderName": "sdfsdfsdgdfg",
      "reminderDesc": "sdfsd",
      "reminderType": "Weekly",
      "id": 2
    }
  ]
}